group_title,name,price,img_src,label,page_no
捲幸福(30巷潤餅捲),招牌潤餅捲,75元,https://storage.googleapis.com/quickclick_products/library/5915/web-jy1d1BDg9,,1
捲幸福(30巷潤餅捲),香腸潤餅捲,75元,https://storage.googleapis.com/quickclick_products/library/5915/web-bLr1rmoe7,,1
捲幸福(30巷潤餅捲),肉鬆潤餅捲,75元,https://storage.googleapis.com/quickclick_products/library/5915/web-Jx030ybon,,1
捲幸福(30巷潤餅捲),麻辣潤餅捲,80元,https://storage.googleapis.com/quickclick_products/library/5915/web-yAqjqBEeJ,,1
捲幸福(30巷潤餅捲),芥末潤餅捲,80元,https://storage.googleapis.com/quickclick_products/library/5915/web-pmEdELxr4,,1
捲幸福(30巷潤餅捲),起士玉米潤餅捲,85元,https://storage.googleapis.com/quickclick_products/library/5915/web-eLM1M4JoX,,1
宏品炒飯,雙蛋炒飯,100元,https://storage.googleapis.com/quickclick_products/library/5915/web-Brz5OMEPG,,1
宏品炒飯,肉絲炒飯,120元,https://storage.googleapis.com/quickclick_products/library/5915/web-leK7OLW1a,,1
宏品炒飯,香腸炒飯,120元,https://storage.googleapis.com/quickclick_products/library/5915/web-jy1XmDaXY,,1
宏品炒飯,牛肉炒飯,120元,https://storage.googleapis.com/quickclick_products/library/5915/web-OW96LJXpM,,1
宏品炒飯,炸排骨炒飯,140元,https://storage.googleapis.com/quickclick_products/library/5915/web-r0OzEypXN,,1
宏品炒飯,麻油雞炒飯,140元,https://storage.googleapis.com/quickclick_products/library/5915/web-jy1Xm6KM3,,1
欣欣大眾魷魚羹,滷蛋,20元,https://storage.googleapis.com/quickclick_products/library/5915/web-xkOaWpPkB,,1
欣欣大眾魷魚羹,燙青菜,40元,https://storage.googleapis.com/quickclick_products/library/5915/web-dL7gqz4K3,,1
欣欣大眾魷魚羹,燙豆芽,45元,https://storage.googleapis.com/quickclick_products/library/5915/web-WM0538n9a,,1
欣欣大眾魷魚羹,滷肉飯,50元,https://storage.googleapis.com/quickclick_products/library/5915/web-JxK6yJdmd,,1
欣欣大眾魷魚羹,花枝羹飯,90元,https://storage.googleapis.com/quickclick_products/library/5915/web-yAbJZG0nz,,1
欣欣大眾魷魚羹,肉羹麵,90元,https://storage.googleapis.com/quickclick_products/library/5915/web-jyraBzPje,,1
欣欣大眾魷魚羹,魚酥羹麵,90元,https://storage.googleapis.com/quickclick_products/library/5915/web-NqEDOxQGX,,1
欣欣大眾魷魚羹,魷魚羹飯,90元,https://storage.googleapis.com/quickclick_products/library/5915/web-4Gnqm0yKl,,1
欣欣大眾魷魚羹,魷魚焿,90元,https://storage.googleapis.com/quickclick_products/library/5915/web-q0NE5QYN7,,1
欣欣大眾魷魚羹,生魷魚焿麵,100元,https://storage.googleapis.com/quickclick_products/library/5915/web-eL7yWDYP3,,1
日常時光,日常蔬食餐,110元,https://storage.googleapis.com/quickclick_products/library/5915/web-JxJaYJ67g,無飯換菜,1
日常時光,蒜蓉豬肉片,120元,https://storage.googleapis.com/quickclick_products/library/5915/web-pmxO4mjM4,無飯換菜,1
日常時光,薄鹽烤鯖魚,120元,https://storage.googleapis.com/quickclick_products/library/5915/web-8OM40OMEG,無飯換菜,1
日常時光,台味滷雞腿,130元,https://storage.googleapis.com/quickclick_products/library/5915/web-aLbAEXRMO,無飯換菜,1
日常時光,蒜香雞胸肉,130元,https://storage.googleapis.com/quickclick_products/library/5915/web-JxJaYZo1a,無飯換菜,1
日常時光,烤鮭魚餐,160元,https://storage.googleapis.com/quickclick_products/library/5915/web-aLbAEbgEy,無飯換菜,1
金仙蝦捲飯,招牌蝦捲飯,125元,https://storage.googleapis.com/quickclick_products/library/5915/web-q0qkGWknM,,1
金仙蝦捲飯,經典控肉飯,125元,https://storage.googleapis.com/quickclick_products/library/5915/web-pmzWZarn9,,1
金仙蝦捲飯,金仙排骨飯,125元,https://storage.googleapis.com/quickclick_products/library/5915/web-xkngdLkdo,,1
金仙蝦捲飯,酥炸雞腿飯,135元,https://storage.googleapis.com/quickclick_products/library/5915/web-7yQYbM8kY,,1
釜山焰韓式烤肉便當,韓式雞肉拌飯,125元,https://storage.googleapis.com/quickclick_products/library/5915/web-91pxzo6KO,,1
釜山焰韓式烤肉便當,韓式豬肉拌飯,125元,https://storage.googleapis.com/quickclick_products/library/5915/web-KpjXQ1lLl,,1
釜山焰韓式烤肉便當,韓式牛肉拌飯,125元,https://storage.googleapis.com/quickclick_products/library/5915/web-nLb1oABAY,,1
釜山焰韓式烤肉便當,韓式豬雞拌飯,135元,https://storage.googleapis.com/quickclick_products/library/5915/web-319zZ5oP6,,1
野食,蜂蜜大蒜烤雞腿(單點),60元,https://storage.googleapis.com/quickclick_products/library/5915/web-oagy14q9q,,1
野食,低溫慢煮炭香坦都里雞胸(單點),60元,https://storage.googleapis.com/quickclick_products/library/5915/web-PkjReXExY,,1
野食,蜂蜜大蒜烤雞腿,130元,https://storage.googleapis.com/quickclick_products/library/5915/web-zpPJGe5eP,無飯換菜,1
野食,義式香料綜合炒菇,130元,https://storage.googleapis.com/quickclick_products/library/5915/web-nL8B1z8Ao,無飯換菜,1
野食,壽喜燒雪花牛,130元,https://storage.googleapis.com/quickclick_products/library/5915/web-5yL5RleZM,無飯換菜,1
野食,漢堡排佐莎莎醬,130元,https://storage.googleapis.com/quickclick_products/library/5915/web-4G8GMok50,無飯換菜,1
野食,低溫慢煮炭香坦都里雞胸,130元,https://storage.googleapis.com/quickclick_products/library/5915/web-8O5xb83OZ,無飯換菜,1
大茗通化,玉露青茶(L),45元,https://storage.googleapis.com/quickclick_products/library/5915/web-Xeq5m0LN5,,1
大茗通化,蕎麥茶(L),45元,https://storage.googleapis.com/quickclick_products/library/5915/web-RzRoyWjGq,,1
大茗通化,珍珠奶茶(L),65元,https://storage.googleapis.com/quickclick_products/library/5915/web-k8zJo30ml,,1
大茗通化,蘋果玉露青(L),75元,https://storage.googleapis.com/quickclick_products/library/5915/web-Lj48YWEz9,,1
大茗通化,酪梨奶蓋烏龍(L),75元,https://storage.googleapis.com/quickclick_products/library/5915/web-jyOJ8PMMK,,1
大茗通化,酪梨奶蓋紅玉(L),75元,https://storage.googleapis.com/quickclick_products/library/5915/web-WMzoa7Ma4,,1
大茗通化,蕎麥凍奶青(L),75元,https://storage.googleapis.com/quickclick_products/library/5915/web-gLaJoQJby,,1
珍煮丹,木梨茉莉(L),40元,https://storage.googleapis.com/quickclick_products/library/5915/web-Gn63jlL9j,,1
珍煮丹,雲霧烏龍(L),45元,,,1
珍煮丹,蜜夏紅茶(L),50元,https://storage.googleapis.com/quickclick_products/library/5915/web-7yrbrZezN,,1
珍煮丹,手熬黑糖檸檬(L),55元,https://storage.googleapis.com/quickclick_products/library/5915/web-eLD1KxAdk,,1
珍煮丹,蜂蜜檸檬菊花(L),55元,https://storage.googleapis.com/quickclick_products/library/5915/web-Nqna4W9dJ,,1
珍煮丹,泰泰鮮奶茶(M),60元,https://storage.googleapis.com/quickclick_products/library/5915/web-r0GaJLxAq,,1
珍煮丹,老派蕎麥冬瓜茶(L),60元,https://storage.googleapis.com/quickclick_products/library/5915/web-leKlP7Mja,,1
珍煮丹,老派蕎麥桂花(L),60元,https://storage.googleapis.com/quickclick_products/library/5915/web-NqeYJ5A3X,,1
珍煮丹,老派蕎麥婦科紅茶(L),60元,https://storage.googleapis.com/quickclick_products/library/5915/web-BrM9jXOMg,,1
珍煮丹,黑糖珍珠鮮奶(M),65元,https://storage.googleapis.com/quickclick_products/library/5915/web-ERnB4DOL5,,1
珍煮丹,百香雙響(L),70元,https://storage.googleapis.com/quickclick_products/library/5915/web-lerdW3r7z,,1
珍煮丹,姍姍紅茶拿鐵(L),70元,https://storage.googleapis.com/quickclick_products/library/5915/web-91oJ4mMnE,,1
珍煮丹,烏龍拿鐵(L),70元,https://storage.googleapis.com/quickclick_products/library/5915/web-15Q9XQMWx,,1
珍煮丹,黑糖粉粿鮮奶(M),70元,https://storage.googleapis.com/quickclick_products/library/5915/web-dLrbq7LK8,,1
珍煮丹,青檸桂花釀粿粿(L),75元,https://storage.googleapis.com/quickclick_products/library/5915/web-mLZ71P699,,1
全國素食,素食便當,115元,https://storage.googleapis.com/quickclick_products/library/5915/web-MzK1mPpoM,素食,1
吳興大腸麵線,台中肉圓,60元,https://storage.googleapis.com/quickclick_products/library/5915/web-mLgAMlxdX,,2
吳興大腸麵線,蚵仔麵線,70元,https://storage.googleapis.com/quickclick_products/library/5915/web-WM3GAZAzJ,,2
吳興大腸麵線,甜不辣,70元,https://storage.googleapis.com/quickclick_products/library/5915/web-RzZxQzbQM,,2
吳興大腸麵線,大腸麵線,70元,https://storage.googleapis.com/quickclick_products/library/5915/web-PkKZakRrk,,2
吳興大腸麵線,花枝羹麵線,70元,https://storage.googleapis.com/quickclick_products/library/5915/web-oaE6Ma5Pq,,2
炸雞大獅,雞腿排刈包,80元,https://storage.googleapis.com/quickclick_products/library/5915/web-JxgplKxzq,,2
炸雞大獅,嫩雞胸刈包,85元,https://storage.googleapis.com/quickclick_products/library/5915/web-aLNklM97O,,2
炸雞大獅,台式椒鹽臻寶炸雞,90元,https://storage.googleapis.com/quickclick_products/library/5915/web-xk4o5WPne,,2
炸雞大獅,招牌雙寶蓋飯,105元,https://storage.googleapis.com/quickclick_products/library/13037/web-mLGQJBzO9,,2
炸雞大獅,臻寶去骨腿丁蓋飯,105元,https://storage.googleapis.com/quickclick_products/library/5915/web-BrWXdjdoG,,2
炸雞大獅,台式椒鹽蓋飯,110元,https://storage.googleapis.com/quickclick_products/library/5915/web-zp08QQKPZ,,2
炸雞大獅,川味⿇辣腿丁蓋飯,110元,https://storage.googleapis.com/quickclick_products/library/5915/web-bLGklWLXo,,2
炸雞大獅,泰式糖醋腿丁蓋飯,110元,https://storage.googleapis.com/quickclick_products/library/5915/web-GnBldapZg,,2
炸雞大獅,台式椒鹽腿丁蓋飯,110元,https://storage.googleapis.com/quickclick_products/library/5915/web-31xed4yBY,,2
炸雞大獅,招牌三寶蓋飯,115元,https://storage.googleapis.com/quickclick_products/library/5915/web-1574kdkgb,,2
炸雞大獅,無骨嫩雞胸蓋飯,115元,https://storage.googleapis.com/quickclick_products/library/5915/web-r0MPeN779,,2
炸雞大獅,台式椒鹽腿丁雙寶蓋飯,120元,https://storage.googleapis.com/quickclick_products/library/5915/web-r0MPebD9N,,2
炸雞大獅,去骨腿排蓋飯,150元,https://storage.googleapis.com/quickclick_products/library/5915/web-ZeBPlmzbe,,2
炸雞大獅,去骨腿排雙寶蓋飯,160元,https://storage.googleapis.com/quickclick_products/library/5915/web-QAmzRjoJl,,2
好饗見麵,福州魚丸湯,55元,https://storage.googleapis.com/quickclick_products/library/5915/web-xkjQzMaOX,,2
好饗見麵,手工高麗菜水餃10顆,80元,https://storage.googleapis.com/quickclick_products/library/5915/web-ZejlraJmn,,2
好饗見麵,手工韭菜水餃10顆,80元,https://storage.googleapis.com/quickclick_products/library/5915/web-Ye1l5GzOn,,2
好饗見麵,家傳炸醬麵(小),90元,https://storage.googleapis.com/quickclick_products/library/5915/web-gLEqrgMn6,,2
好饗見麵,麻婆豆腐麵(小),100元,https://storage.googleapis.com/quickclick_products/library/5915/web-Rz9la156O,,2
好饗見麵,燒椒皮蛋麵(小),100元,https://storage.googleapis.com/quickclick_products/library/5915/web-6rxdLM48J,,2
好饗見麵,香辣麻婆丼飯,100元,https://storage.googleapis.com/quickclick_products/library/5915/web-Mz0lyGMgn,,2
好饗見麵,紅油鮮肉抄手麵(小),110元,https://storage.googleapis.com/quickclick_products/library/5915/web-eLElMgZ7W,,2
好饗見麵,好饗綜合湯麵(小),110元,https://storage.googleapis.com/quickclick_products/library/5915/web-DR1dWb5Ag,,2
好饗見麵,麻辣鴨血臭豆腐湯麵(小),130元,https://storage.googleapis.com/quickclick_products/library/5915/web-5yYdZp7qd,,2
青田原味,泰式打拋雞(A),120元,https://storage.googleapis.com/quickclick_products/library/5915/web-leExNZMKa,,2
青田原味,私房辣椒豬(C),125元,https://storage.googleapis.com/quickclick_products/library/5915/web-PkylRNrGg,,2
青田原味,香蒜雞胸(D),125元,https://storage.googleapis.com/quickclick_products/library/5915/web-91Pd6e747,,2
青田原味,泰式打拋雞/無飯(A-),125元,https://storage.googleapis.com/quickclick_products/library/5915/web-BrQd89j9k,,2
青田原味,黃金泡菜豬(B),125元,https://storage.googleapis.com/quickclick_products/library/5915/web-JxYld3BLO,,2
青田原味,私房辣椒豬/無飯(C-),130元,https://storage.googleapis.com/quickclick_products/library/5915/web-r0reNORAp,,2
青田原味,青醬雞胸(E),130元,https://storage.googleapis.com/quickclick_products/library/5915/web-KpxlRn9Aj,,2
青田原味,香蒜雞胸/無飯(D-),130元,https://storage.googleapis.com/quickclick_products/library/5915/web-Mz0lK9rxq,,2
青田原味,黃金泡菜豬/無飯(B-),130元,https://storage.googleapis.com/quickclick_products/library/5915/web-KpxlR3Zpn,,2
青田原味,青醬雞胸/無飯(E-),135元,https://storage.googleapis.com/quickclick_products/library/5915/web-dLdlA9xj3,,2
青田原味,美式燒烤雞腿(F),140元,https://storage.googleapis.com/quickclick_products/library/5915/web-OWglng67G,,2
青田原味,美式燒烤雞腿/無飯(F-),145元,https://storage.googleapis.com/quickclick_products/library/5915/web-OWglnglDp,,2
逸香食府,香腸飯,120元,https://storage.googleapis.com/quickclick_products/library/5915/web-bL1gJXy8Q,,2
逸香食府,火腿蛋炒飯,120元,https://storage.googleapis.com/quickclick_products/library/5915/web-ERa5o7xpa,,2
逸香食府,蝦卷香腸雙拼,125元,https://storage.googleapis.com/quickclick_products/library/5915/web-31G60aAW6,,2
逸香食府,招牌排骨飯,130元,https://storage.googleapis.com/quickclick_products/library/5915/web-WMX6LGqD9,,2
逸香食府,香酥炸雞腿飯,140元,https://storage.googleapis.com/quickclick_products/library/5915/web-yAjBxPMl1,,2
逸香食府,油雞飯,145元,https://storage.googleapis.com/quickclick_products/library/5915/web-YeZqL3ybq,,2
芝香雞肉飯,滷肉飯特餐,100元,https://storage.googleapis.com/quickclick_products/library/5915/web-q04d7jnML,,2
芝香雞肉飯,雞肉飯特餐,100元,https://storage.googleapis.com/quickclick_products/library/5915/web-7ygWbl3k8,,2
芝香雞肉飯,雞滷飯特餐,110元,https://storage.googleapis.com/quickclick_products/library/5915/web-4GBajyQP9,,2
芝香雞肉飯,爌肉飯特餐,120元,https://storage.googleapis.com/quickclick_products/library/5915/web-YeDZnYZZ1,,2
芝香雞肉飯,滷排骨特餐,130元,https://storage.googleapis.com/quickclick_products/library/5915/web-DRAGbym3B,,2
芝香雞肉飯,滷雞腿特餐,150元,https://storage.googleapis.com/quickclick_products/library/5915/web-yA5j8Oqoz,,2
ladymama,時蔬菜飯餐,120元,https://storage.googleapis.com/quickclick_products/library/12570/web-8OLQ1R0ZK,鍋邊素,2
ladymama,香料雞胸餐,140元,https://storage.googleapis.com/quickclick_products/library/12570/web-dLAZ4JBl8,無飯換菜,2
ladymama,薄鹽松阪豬,150元,https://storage.googleapis.com/quickclick_products/library/12570/web-xkmNoYZ3B,無飯換菜,2
ladymama,韓式拌飯牛,150元,https://storage.googleapis.com/quickclick_products/library/12570/web-DR3z6AXRy,無飯換菜,2
ladymama,蒜味牛肉餐,150元,https://storage.googleapis.com/quickclick_products/library/12570/web-GneklLrMB,無飯換菜,2
ladymama,韓式拌飯豬,150元,https://storage.googleapis.com/quickclick_products/library/12570/web-JxdZpg7Nq,無飯換菜,2
一帖茶方,熟韻紅茶(L),40元,https://storage.googleapis.com/quickclick_products/library/5915/web-XegE6gqen,,2
一帖茶方,馥郁四季青(L),45元,https://storage.googleapis.com/quickclick_products/library/5915/web-xkGn6O1xo,,2
一帖茶方,輕焙碧螺綠(L),45元,https://storage.googleapis.com/quickclick_products/library/5915/web-YeK9X8AdL,,2
一帖茶方,琥珀金萱烏龍(L),45元,https://storage.googleapis.com/quickclick_products/library/5915/web-PkOEGRon3,,2
一帖茶方,金萱烏龍鮮豆奶(L),60元,https://storage.googleapis.com/quickclick_products/library/5915/web-leLry7Lp0,,2
一帖茶方,熟韻鮮奶茶(L),65元,https://storage.googleapis.com/quickclick_products/library/5915/web-gL8bxA7Pk,,2
一帖茶方,鮮榨橙柚青(L),65元,https://storage.googleapis.com/quickclick_products/library/5915/web-15YQa78Jz,,2
一帖茶方,鮮橙四季青(L),65元,https://storage.googleapis.com/quickclick_products/library/5915/web-A86MzlPPa,,2
一帖茶方,寒天青檸茶(L),65元,https://storage.googleapis.com/quickclick_products/library/5915/web-RzgPmkDDa,,2
一帖茶方,四季蜜青凍(L),65元,https://storage.googleapis.com/quickclick_products/library/5915/web-Mz5Ye74ge,,2
一帖茶方,碧螺綠鮮奶茶(L),70元,https://storage.googleapis.com/quickclick_products/library/5915/web-gL8bxAx7d,,2
不夜侯製茶所敦北,琥珀紅茶(L),40元,https://storage.googleapis.com/quickclick_products/library/5915/web-PkmlL9K6k,,2
不夜侯製茶所敦北,碧湖冬瓜露(L),45元,https://storage.googleapis.com/quickclick_products/library/5915/web-KpjlLQnAo,,2
不夜侯製茶所敦北,特上503(L),50元,https://storage.googleapis.com/quickclick_products/library/5915/web-dLmB4RlQE,,2
不夜侯製茶所敦北,春日蕎麥茶(L),50元,https://storage.googleapis.com/quickclick_products/library/5915/web-RzrlLE8m0,,2
不夜侯製茶所敦北,炭焙厚奶茶(L),60元,https://storage.googleapis.com/quickclick_products/library/5915/web-01kENng94,,2
不夜侯製茶所敦北,碧湖鮮乳茶(L),65元,https://storage.googleapis.com/quickclick_products/library/5915/web-bLGYkM5go,,2
不夜侯製茶所敦北,碧湖冰梅綠(L),65元,https://storage.googleapis.com/quickclick_products/library/5915/web-8Oy41rmy5,,2
不夜侯製茶所敦北,濃韻鮮乳茶(L),70元,https://storage.googleapis.com/quickclick_products/library/5915/web-PkmlLYWeM,,2
不夜侯製茶所敦北,古坑柳丁綠(L),75元,https://storage.googleapis.com/quickclick_products/library/5915/web-yA5Mng650,,2
蔡老師蔬食,天天換7菜素食餐盒,120元,https://storage.googleapis.com/quickclick_products/library/5915/web-zpa60OdxZ,素食,2
松田日式飯糰,牛蒡飯糰,40元,https://storage.googleapis.com/quickclick_products/library/5915/web-r0NPRmz3L,素食,3
松田日式飯糰,海苔素飯糰,40元,https://storage.googleapis.com/quickclick_products/library/5915/web-JxdpEN8ZJ,素食,3
松田日式飯糰,紫蘇梅飯團,45元,https://storage.googleapis.com/quickclick_products/library/5915/web-ZeK8Megej,素食,3
松田日式飯糰,咖哩雞飯團,45元,https://storage.googleapis.com/quickclick_products/library/5915/web-ERMDBnEmK,,3
松田日式飯糰,豬肉燒飯團,45元,https://storage.googleapis.com/quickclick_products/library/5915/web-zpMzX7YRG,,3
松田日式飯糰,吻仔魚飯糰,45元,https://storage.googleapis.com/quickclick_products/library/12570/web-Nq8WY5MJB,,3
松田日式飯糰,干貝唇飯糰,50元,https://storage.googleapis.com/quickclick_products/library/5915/web-dL6pWOLyG,,3
松田日式飯糰,鮭魚鬆飯糰,50元,https://storage.googleapis.com/quickclick_products/library/5915/web-01A371XL4,,3
昇客雞肉,香菇雞湯,70元,https://storage.googleapis.com/quickclick_products/library/5915/web-gLX43EpKo,,3
昇客雞肉,炸燒肉(單點),90元,https://storage.googleapis.com/quickclick_products/library/5915/web-QAky5p48l,,3
昇客雞肉,銷魂雞肉飯,100元,https://storage.googleapis.com/quickclick_products/library/12012/web-Gn5zoKXXK,,3
昇客雞肉,蒜泥白肉飯,130元,https://storage.googleapis.com/quickclick_products/library/12012/web-oaG4JKyKb,,3
昇客雞肉,炸小雞塊飯,130元,https://storage.googleapis.com/quickclick_products/library/12012/web-yABKE4AP0,,3
昇客雞肉,炸燒肉飯,130元,https://storage.googleapis.com/quickclick_products/library/12012/web-yABKE4j1r,,3
昇客雞肉,白斬雞腿飯,150元,https://storage.googleapis.com/quickclick_products/library/12012/web-316K09kZG,,3
潭莊小卷米粉,蚵仔煎,80元,https://storage.googleapis.com/quickclick_products/library/5915/web-yAjGdjJ61,,3
潭莊小卷米粉,無刺虱目魚肉油麵,120元,https://storage.googleapis.com/quickclick_products/library/5915/web-r04y7ODKX,,3
潭莊小卷米粉,無刺虱目魚皮油麵,120元,https://storage.googleapis.com/quickclick_products/library/5915/web-xkKGMzpoJ,,3
潭莊小卷米粉,油雞腿便當,130元,https://storage.googleapis.com/quickclick_products/library/5915/web-159Y4RaWB,,3
潭莊小卷米粉,魚肉便當,130元,https://storage.googleapis.com/quickclick_products/library/18608/web-91AebORlY,,3
潭莊小卷米粉,蚵仔滷肉便當,130元,https://storage.googleapis.com/quickclick_products/library/5915/web-eL16PNX0W,,3
潭莊小卷米粉,無刺虱目魚肚油麵,130元,https://storage.googleapis.com/quickclick_products/library/5915/web-Kp3JDyxa5,,3
潭莊小卷米粉,小卷便當,130元,https://storage.googleapis.com/quickclick_products/library/5915/web-5yzmp09RM,,3
潭莊小卷米粉,小卷米粉,135元,https://storage.googleapis.com/quickclick_products/library/5915/web-zpOM8rbyR,,3
潭莊小卷米粉,虱目魚肚便當,140元,https://storage.googleapis.com/quickclick_products/library/5915/web-5yzmpYd9D,,3
樂米餐盒,台味蒜泥豬,130元,https://storage.googleapis.com/quickclick_products/library/5915/web-yABeD5BlY,,3
樂米餐盒,水煮雞胸肉,135元,https://storage.googleapis.com/quickclick_products/library/5915/web-OW6BgGxeK,,3
樂米餐盒,義式烤時蔬,135元,https://storage.googleapis.com/quickclick_products/library/5915/web-xkxnjqepX,,3
樂米餐盒,孜然燒烤豬,140元,https://storage.googleapis.com/quickclick_products/library/5915/web-01mrzZ3mx,,3
樂米餐盒,香檸烤鯖魚,140元,https://storage.googleapis.com/quickclick_products/library/5915/web-aLPGEmodj,,3
樂米餐盒,清蒸鮮鱸魚,150元,https://storage.googleapis.com/quickclick_products/library/5915/web-157QqJ8Q6,,3
樂米餐盒,叻沙咖喱雞,155元,https://storage.googleapis.com/quickclick_products/library/5915/web-zp0grQmER,,3
樂米餐盒,照燒雞腿排,155元,https://storage.googleapis.com/quickclick_products/library/5915/web-OW6Bgl1K7,,3
正忠排骨飯,糖醋小排飯,135元,https://storage.googleapis.com/quickclick_products/library/5915/web-RzPzLB14O,,3
正忠排骨飯,經典排骨飯,135元,https://storage.googleapis.com/quickclick_products/library/5915/web-6rQrlXrko,,3
正忠排骨飯,宮保雞丁飯,135元,https://storage.googleapis.com/quickclick_products/library/5915/web-15Q5lbPzz,,3
正忠排骨飯,黑胡椒豬排飯,135元,https://storage.googleapis.com/quickclick_products/library/5915/web-aLGLnDyAg,,3
正忠排骨飯,酥炸雞排飯,150元,https://storage.googleapis.com/quickclick_products/library/5915/web-gLbLn6pNy,,3
正忠排骨飯,燒雞腿飯,150元,https://storage.googleapis.com/quickclick_products/library/5915/web-XeEeLMmdK,,3
正忠排骨飯,炸雞腿飯,150元,https://storage.googleapis.com/quickclick_products/library/5915/web-MzYzLeRMX,,3
雞老大,蔥油雞飯,110元,https://storage.googleapis.com/quickclick_products/library/5915/web-PkaAkok9k,,3
雞老大,塔香三杯雞飯,110元,https://storage.googleapis.com/quickclick_products/library/5915/web-k8MW8GOd6,,3
雞老大,左宗棠雞飯,110元,https://storage.googleapis.com/quickclick_products/library/5915/web-bLGKL0kY4,,3
雞老大,蔥爆炒牛肉飯,110元,https://storage.googleapis.com/quickclick_products/library/5915/web-pmMkm7QW4,,3
雞老大,蒜油雞飯,110元,https://storage.googleapis.com/quickclick_products/library/5915/web-91eO1k3g7,,3
卡洛貍,水煮雞胸肉(單點),70元,https://storage.googleapis.com/quickclick_products/library/5915/web-01jAAWN1r,,3
卡洛貍,地中海烤時蔬,125元,https://storage.googleapis.com/quickclick_products/library/5915/web-A83Bn6J9x,無飯換地瓜,3
卡洛貍,蒜香豬肉片,130元,https://storage.googleapis.com/quickclick_products/library/5915/web-4GrdEDyAA,無飯換地瓜,3
卡洛貍,挪威鹽烤鯖魚,130元,https://storage.googleapis.com/quickclick_products/library/5915/web-A8JMY7OYR,無飯換地瓜,3
卡洛貍,泰式打拋雞,130元,https://storage.googleapis.com/quickclick_products/library/5915/web-Kp4mek4Bn,無飯換地瓜,3
卡洛貍,法式水煮嫩雞胸,135元,https://storage.googleapis.com/quickclick_products/library/5915/web-Rz6XNjxnW,無飯換地瓜,3
卡洛貍,義國風情雞腿排,150元,https://storage.googleapis.com/quickclick_products/library/5915/web-ER5yj7qGK,無飯換地瓜,3
卡洛貍,清蒸樹子鱸魚,150元,https://storage.googleapis.com/quickclick_products/library/5915/web-xkOnpdp6q,無飯換地瓜,3
五桐號南港,一把青茶(L),40元,https://storage.googleapis.com/quickclick_products/library/5915/web-gLELdQYkk,,3
五桐號南港,杏仁凍五桐茶(L),55元,https://storage.googleapis.com/quickclick_products/library/5915/web-oarakkPZ8,,3
五桐號南港,農榨青檸冬瓜(L),55元,https://storage.googleapis.com/quickclick_products/library/5915/web-15q5PPe3y,,3
五桐號南港,濃煮奶茶(L),60元,https://storage.googleapis.com/quickclick_products/library/5915/web-xkjker3xg,,3
五桐號南港,五桐奶霜(L),60元,https://storage.googleapis.com/quickclick_products/library/5915/web-aLEL6AP4R,,3
五桐號南港,鐵觀音奶茶(L),60元,https://storage.googleapis.com/quickclick_products/library/5915/web-bLELDYxBo,,3
五桐號南港,豆豆紅(L),65元,https://storage.googleapis.com/quickclick_products/library/5915/web-A8m8EkLpa,,3
五桐號南港,玄米蕎麥奶茶(L),65元,https://storage.googleapis.com/quickclick_products/library/5915/web-GnWnJP7Dy,,3
五桐號南港,桂花烏龍凍飲(L),65元,https://storage.googleapis.com/quickclick_products/library/5915/web-GnWnJPMe4,,3
五桐號南港,鐵觀音拿鐵(L),65元,https://storage.googleapis.com/quickclick_products/library/5915/web-bLELDBarr,,3
五桐號南港,山形蜜桃凍飲(L),70元,https://storage.googleapis.com/quickclick_products/library/5915/web-Zejeab0qb,,3
五桐號南港,紅柚青茶凍飲(L),70元,https://storage.googleapis.com/quickclick_products/library/5915/web-Pkykxb9Dr,,3
龜記南港,三韻紅萱(L),50元,https://storage.googleapis.com/quickclick_products/library/5915/web-6rjodr6qP,,3
龜記南港,三十三茶王(L),50元,https://storage.googleapis.com/quickclick_products/library/5915/web-JxynlxNjn,,3
龜記南港,茶王奶茶(L),65元,https://storage.googleapis.com/quickclick_products/library/5915/web-q0beDzgqL,,3
龜記南港,蘋果紅萱(L),65元,https://storage.googleapis.com/quickclick_products/library/5915/web-4Gmbpgbg9,,3
龜記南港,龜記濃乳茶(L),70元,,,3
龜記南港,紅茶鮮乳(L),70元,,,3
龜記南港,紅柚翡翠(L),80元,https://storage.googleapis.com/quickclick_products/library/5915/web-bLmalbMdx,,3
全國素食,素食便當,115元,https://storage.googleapis.com/quickclick_products/library/5915/web-MzK1mPpoM,素食,3
北一菜盒,酸辣湯,40元,https://storage.googleapis.com/quickclick_products/library/5915/web-Kp7Jql3Mg,,4
北一菜盒,蘿蔔絲餅,45元,https://storage.googleapis.com/quickclick_products/library/5915/web-Rzng0Elj0,,4
北一菜盒,豆腐捲,45元,https://storage.googleapis.com/quickclick_products/library/5915/web-7yJmGExMY,,4
北一菜盒,酸菜盒,50元,https://storage.googleapis.com/quickclick_products/library/5915/web-31oBydZAY,,4
北一菜盒,韭菜盒,50元,https://storage.googleapis.com/quickclick_products/library/5915/web-DRe9MyRBj,,4
北一菜盒,高麗菜盒,50元,https://storage.googleapis.com/quickclick_products/library/5915/web-JxnGzm3Xa,,4
北一菜盒,豬肉餡餅,70元,https://storage.googleapis.com/quickclick_products/library/5915/web-PkjOxY03g,,4
北一菜盒,豬肉捲餅,110元,https://storage.googleapis.com/quickclick_products/library/5915/web-leBLzxmL1,,4
北一菜盒,牛肉捲餅,110元,https://storage.googleapis.com/quickclick_products/library/5915/web-gLW8dqLek,,4
三水江烤肉飯,肉絲蛋炒飯,100元,https://storage.googleapis.com/quickclick_products/library/5915/web-01yYZBZkx,,4
三水江烤肉飯,蝦仁蛋炒飯,100元,https://storage.googleapis.com/quickclick_products/library/5915/web-r01Jo38q9,,4
三水江烤肉飯,焢肉便當,100元,https://storage.googleapis.com/quickclick_products/library/5915/web-Mz46D6A1Q,,4
三水江烤肉飯,烤豬排飯,125元,https://storage.googleapis.com/quickclick_products/library/5915/web-bL7JoNXXx,,4
三水江烤肉飯,三杯雞便當,135元,https://storage.googleapis.com/quickclick_products/library/5915/web-zpm8A8QkX,,4
三水江烤肉飯,烤雞腿飯,135元,https://storage.googleapis.com/quickclick_products/library/5915/web-EREo3lmYj,,4
三水江烤肉飯,烤牛肉飯,145元,https://storage.googleapis.com/quickclick_products/library/5915/web-yAbEKyxd3,,4
阿緣土魠魚羹,貢丸湯,30元,https://storage.googleapis.com/quickclick_products/library/5915/web-gLADGzk6j,,4
阿緣土魠魚羹,燙青菜,45元,https://storage.googleapis.com/quickclick_products/library/5915/web-q0b4EBPx9,,4
阿緣土魠魚羹,滷肉飯,50元,https://storage.googleapis.com/quickclick_products/library/5915/web-Lj9e97yWN,,4
阿緣土魠魚羹,麻婆豆腐飯,50元,https://storage.googleapis.com/quickclick_products/library/5915/web-oaEMEz8n4,,4
阿緣土魠魚羹,花枝羹麵,85元,https://storage.googleapis.com/quickclick_products/library/5915/web-WM3A3m5QJ,,4
阿緣土魠魚羹,肉羹麵,85元,https://storage.googleapis.com/quickclick_products/library/5915/web-7yrgrXrdq,,4
阿緣土魠魚羹,土魠魚羹麵,95元,https://storage.googleapis.com/quickclick_products/library/5915/web-pmXMLaJAn,,4
阿緣土魠魚羹,鍋燒意麵,100元,https://storage.googleapis.com/quickclick_products/library/5915/web-Kp5y4Bx3O,,4
輕輕地中海餐盒,南椰紅咖哩炒雞(A),120元,https://storage.googleapis.com/quickclick_products/library/5915/web-QApEWKB4G,,4
輕輕地中海餐盒,南椰紅咖哩炒雞/無飯(A-),125元,https://storage.googleapis.com/quickclick_products/library/5915/web-5yROneyBN,,4
輕輕地中海餐盒,羅勒青醬雞胸(C),125元,https://storage.googleapis.com/quickclick_products/library/5915/web-Jx8QKlrPN,,4
輕輕地中海餐盒,地中海香料雞胸(B),125元,https://storage.googleapis.com/quickclick_products/library/5915/web-01K76oNm6,,4
輕輕地中海餐盒,椒麻豬肉片(E),125元,https://storage.googleapis.com/quickclick_products/library/5915/web-DRX8E0OlA,,4
輕輕地中海餐盒,香蒜黑椒雞胸(D),125元,https://storage.googleapis.com/quickclick_products/library/5915/web-DRX8E09j4,,4
輕輕地中海餐盒,地中海白醬雞胸(B),125元,https://storage.googleapis.com/quickclick_products/library/5915/web-WMzZ0lzgZ,,4
輕輕地中海餐盒,羅勒青醬雞胸/無飯(C-),130元,https://storage.googleapis.com/quickclick_products/library/5915/web-eLNO7oDN3,,4
輕輕地中海餐盒,椒香蜜燒豬肉片/無飯(E-),130元,https://storage.googleapis.com/quickclick_products/library/5915/web-yAq6Pqklr,,4
輕輕地中海餐盒,地中海白醬雞胸/無飯(B-),130元,https://storage.googleapis.com/quickclick_products/library/5915/web-k8zX1YrKm,,4
輕輕地中海餐盒,香蒜黑椒雞胸/無飯(D-),130元,https://storage.googleapis.com/quickclick_products/library/5915/web-pmYlbG6g4,,4
輕輕地中海餐盒,地中海烤雞腿(F),140元,https://storage.googleapis.com/quickclick_products/library/5915/web-xkjpRyN4q,,4
輕輕地中海餐盒,地中海烤雞腿/無飯(F-),145元,https://storage.googleapis.com/quickclick_products/library/5915/web-Ye1dR0OjN,,4
上悅龍記燒臘,蜜汁叉燒飯,130元,https://storage.googleapis.com/quickclick_products/library/5916/web-OWn06nNOn,,4
上悅龍記燒臘,脆皮燒肉飯,130元,https://storage.googleapis.com/quickclick_products/library/5916/web-QAMgjM49E,,4
上悅龍記燒臘,滷排骨飯,130元,https://storage.googleapis.com/quickclick_products/library/5915/web-r0yjjX9rZ,,4
上悅龍記燒臘,經典油雞飯,130元,https://storage.googleapis.com/quickclick_products/library/23624/web-01z6nJKOP,,4
上悅龍記燒臘,脆皮燒鴨飯,130元,https://storage.googleapis.com/quickclick_products/library/5916/web-15GK7GxNR,,4
上悅龍記燒臘,日式豬排飯,140元,https://storage.googleapis.com/quickclick_products/library/5915/web-zpMkk4mXR,,4
上悅龍記燒臘,招牌三寶飯,150元,https://storage.googleapis.com/quickclick_products/library/5915/web-31BggA3kY,,4
上悅龍記燒臘,泰式椒麻雞腿飯,160元,https://storage.googleapis.com/quickclick_products/library/5915/web-A86XXampd,,4
義意,泰式香辣麵,115元,https://storage.googleapis.com/quickclick_products/library/5915/web-ERXQmYJy6,,4
義意,義式馬里拉蕃茄義大利麵,115元,https://storage.googleapis.com/quickclick_products/library/5915/web-31RzLxdPl,,4
義意,松子羅勒青醬雞腿燉飯,130元,https://storage.googleapis.com/quickclick_products/library/5915/web-r0BXdBjyD,,4
義意,法式白醬雞腿義大利麵,130元,https://storage.googleapis.com/quickclick_products/library/5915/web-XeqpkOXzW,,4
義意,松子羅勒青醬雞腿義大利麵,130元,https://storage.googleapis.com/quickclick_products/library/5915/web-31RzLRX6Y,,4
義意,泰式香辣雞腿麵,135元,https://storage.googleapis.com/quickclick_products/library/5915/web-NqpDoPpAA,,4
義意,USDA Prime骰子牛松子羅勒青醬燉飯,145元,https://storage.googleapis.com/quickclick_products/library/5915/web-ERXQmz1Jb,,4
好食肌,低溫烹調嫩雞肉餐盒,135元,https://storage.googleapis.com/quickclick_products/library/10745/web-WMn7mEErK,,4
好食肌,香滷牛腱蒜炒義大利麵,145元,https://storage.googleapis.com/quickclick_products/library/10745/web-PkjGgJg1b,,4
好食肌,香煎鯛魚餐盒,145元,https://storage.googleapis.com/quickclick_products/library/10745/web-Xea6QAR65,,4
好食肌,低溫烹調嫩雞肉蒜炒義大利麵,145元,https://storage.googleapis.com/quickclick_products/library/10745/web-gLWx4e0oN,,4
好食肌,香滷牛腱餐盒,145元,https://storage.googleapis.com/quickclick_products/library/10745/web-LjpyxdGyA,,4
好食肌,香煎松阪豬餐盒,145元,https://storage.googleapis.com/quickclick_products/library/10745/web-A8Pz5qZWa,,4
好食肌,素食餐盒,150元,https://storage.googleapis.com/quickclick_products/library/5915/web-q0eaKbJjE,,4
拾汣茶屋,焙煎蕎麥(L),30元,https://storage.googleapis.com/quickclick_products/library/5915/web-Ye1qLMoxN,,4
拾汣茶屋,冬片青茶(L),30元,https://storage.googleapis.com/quickclick_products/library/5915/web-01zmYgrrG,,4
拾汣茶屋,拾汣紅茶(L),30元,https://storage.googleapis.com/quickclick_products/library/5915/web-DR15LP6Be,,4
拾汣茶屋,青梅翠綠(L),50元,https://storage.googleapis.com/quickclick_products/library/5915/web-JxY5L9pla,,4
拾汣茶屋,清茶珍淑薈(L),55元,https://storage.googleapis.com/quickclick_products/library/5915/web-xkjxYlD0g,,4
拾汣茶屋,醇味鮮奶茶(L),55元,https://storage.googleapis.com/quickclick_products/library/5915/web-r0rznP8YD,,4
拾汣茶屋,本家厚奶烏龍(L),55元,https://storage.googleapis.com/quickclick_products/library/5915/web-XeOzLXpmq,,4
拾汣茶屋,檸檬紅茶(L),60元,https://storage.googleapis.com/quickclick_products/library/5915/web-Rz96LY9KW,,4
拾汣茶屋,三柚極翠綠(L),70元,https://storage.googleapis.com/quickclick_products/library/5915/web-jyEXneGo3,,4
拾汣茶屋,蜜桃桂花烏(L),70元,https://storage.googleapis.com/quickclick_products/library/5915/web-Kpx4LNJZK,,4
迷客夏虎林,焙香決明大麥(L),40元,https://storage.googleapis.com/quickclick_products/library/5915/web-q0rxGBqP7,,4
迷客夏虎林,原片初露青茶(L),45元,https://storage.googleapis.com/quickclick_products/library/5915/web-LjB4NZ10y,,4
迷客夏虎林,冬瓜檸檬(L),60元,https://storage.googleapis.com/quickclick_products/library/5915/web-eLENkxPRb,,4
迷客夏虎林,香柚綠茶(L),65元,https://storage.googleapis.com/quickclick_products/library/5915/web-7yBRd17ma,,4
迷客夏虎林,伯爵紅茶拿鐵(L),70元,https://storage.googleapis.com/quickclick_products/library/5915/web-PkyXQkP9O,,4
迷客夏虎林,嫩仙草凍奶(M),70元,https://storage.googleapis.com/quickclick_products/library/5915/web-QAepOnnAn,,4
迷客夏虎林,大正紅茶拿鐵(L),70元,https://storage.googleapis.com/quickclick_products/library/5915/web-PkyXQB5gk,,4
迷客夏虎林,蜜桃烏龍(L),75元,https://storage.googleapis.com/quickclick_products/library/5915/web-yADN6e6oa,,4
迷客夏虎林,娜杯紅茶拿鐵(L),75元,https://storage.googleapis.com/quickclick_products/library/5915/web-WMQzEyaQ8,,4
迷客夏虎林,蜜桃茉莉(L),75元,https://storage.googleapis.com/quickclick_products/library/5915/web-XeOqogm7W,,4
蔡老師蔬食,天天換7菜素食餐盒,120元,https://storage.googleapis.com/quickclick_products/library/5915/web-zpa60OdxZ,素食,4
御燒沙威瑪,比利時巧克力,45元,https://storage.googleapis.com/quickclick_products/library/12570/web-mL0kQY0oY,,5
御燒沙威瑪,招牌,60元,https://storage.googleapis.com/quickclick_products/library/12570/web-k8xRak6eM,,5
御燒沙威瑪,黑胡椒,70元,https://storage.googleapis.com/quickclick_products/library/12570/web-gLWle6o9j,,5
御燒沙威瑪,辣味,70元,https://storage.googleapis.com/quickclick_products/library/12570/web-leBqmAaYO,,5
御燒沙威瑪,咖哩,70元,https://storage.googleapis.com/quickclick_products/library/12570/web-q0ey7kNWn,,5
御燒沙威瑪,黃芥末,75元,https://storage.googleapis.com/quickclick_products/library/12570/web-k8xRaNQnq,,5
御燒沙威瑪,日式照燒,75元,https://storage.googleapis.com/quickclick_products/library/12570/web-DReBbg1bA,,5
御燒沙威瑪,招牌加起士,75元,https://storage.googleapis.com/quickclick_products/library/12570/web-BrgkbADOY,,5
御燒沙威瑪,泰式酸辣,75元,https://storage.googleapis.com/quickclick_products/library/12570/web-xkAEdrWbJ,,5
御燒沙威瑪,焙煎胡麻醬,80元,https://storage.googleapis.com/quickclick_products/library/12570/web-WMnWREoQ9,,5
御燒沙威瑪,招牌加肉,85元,https://storage.googleapis.com/quickclick_products/library/12570/web-oagB19ZGj,,5
京品廣東粥,皮蛋瘦肉粥,90元,https://storage.googleapis.com/quickclick_products/library/5915/web-OWQ0dKb0M,,5
京品廣東粥,吻魚瘦肉粥,95元,https://storage.googleapis.com/quickclick_products/library/5915/web-ZemO0nQmK,,5
京品廣東粥,香菇雞肉粥,95元,https://storage.googleapis.com/quickclick_products/library/5915/web-4GmKQlqA9,,5
京品廣東粥,蝦仁瘦肉粥,105元,https://storage.googleapis.com/quickclick_products/library/5915/web-pmXoPjoen,,5
京品廣東粥,滑蛋牛肉粥,105元,https://storage.googleapis.com/quickclick_products/library/5915/web-aL8o79anX,,5
京品廣東粥,招牌廣東粥,110元,https://storage.googleapis.com/quickclick_products/library/5915/web-eLWd8m8PN,,5
麗馥小吃,牛蛋湯,55元,https://storage.googleapis.com/quickclick_products/library/13037/web-oaXRlPoNO,,5
麗馥小吃,炸醬麵,75元,https://storage.googleapis.com/quickclick_products/library/13037/web-zpmR73aQg,,5
麗馥小吃,麻醬麵,75元,https://storage.googleapis.com/quickclick_products/library/13037/web-YegREYYee,,5
麗馥小吃,榨菜肉絲麵,80元,https://storage.googleapis.com/quickclick_products/library/13037/web-yAbRlObBr,,5
麗馥小吃,雙醬麵,80元,https://storage.googleapis.com/quickclick_products/library/13037/web-eL7ROm0GR,,5
麗馥小吃,餛飩麵,80元,https://storage.googleapis.com/quickclick_products/library/13037/web-dL7RblY5G,,5
麗馥小吃,牛蛋麵,95元,https://storage.googleapis.com/quickclick_products/library/13037/web-8OnBEdjyZ,,5
麗馥小吃,牛肉麵,145元,https://storage.googleapis.com/quickclick_products/library/13037/web-jyrR4WDK3,,5
肌肉海灘南京,水煮嫩雞胸(單點),45元,https://storage.googleapis.com/quickclick_products/library/5915/web-GneBbrQnD,,5
肌肉海灘南京,泰式打拋豬,120元,,,5
肌肉海灘南京,泰式打拋雞,120元,https://storage.googleapis.com/quickclick_products/library/5915/web-oaLM97Jmk,無飯換菜+20元,5
肌肉海灘南京,橄欖油蔥雞,120元,https://storage.googleapis.com/quickclick_products/library/5915/web-nLNMeOOJ1,無飯換菜+20元,5
肌肉海灘南京,野菇蔬食,130元,https://storage.googleapis.com/quickclick_products/library/5915/web-aLqNjr408,無飯換菜+20元,5
肌肉海灘南京,台式花雕雞,130元,https://storage.googleapis.com/quickclick_products/library/5915/web-15GA644gb,無飯換菜+20元,5
肌肉海灘南京,奶油青醬雞,130元,https://storage.googleapis.com/quickclick_products/library/5915/web-q0Q1X5mg7,,5
肌肉海灘南京,黃金流沙雞,130元,https://storage.googleapis.com/quickclick_products/library/5915/web-Nqm1JKmRe,,5
肌肉海灘南京,焙香胡麻雞胸,140元,https://storage.googleapis.com/quickclick_products/library/5915/web-zpa6XLyBb,無飯換菜+20元,5
肌肉海灘南京,奶油菇菇雞,145元,https://storage.googleapis.com/quickclick_products/library/5915/web-gLBDYRo80,無飯換菜+20元,5
肌肉海灘南京,慢烤味噌魚,150元,https://storage.googleapis.com/quickclick_products/library/5915/web-01DEqdb4r,,5
珍大雞排,金黃炸雞柳(C),115元,https://storage.googleapis.com/quickclick_products/library/5915/web-PkyBjolYg,,5
珍大雞排,蔥鹽舒肥海南雞(A),120元,https://storage.googleapis.com/quickclick_products/library/5915/web-Ye1Wz7BlZ,,5
珍大雞排,椒麻舒肥口水雞(A),120元,https://storage.googleapis.com/quickclick_products/library/5915/web-Kpx4EY8Z5,,5
珍大雞排,直火烤肉片(D),120元,https://storage.googleapis.com/quickclick_products/library/5915/web-GnW5ZX63j,,5
珍大雞排,珍大雞排飯(F),125元,https://storage.googleapis.com/quickclick_products/library/5915/web-JxY5Np3am,,5
珍大雞排,炙燒火烤雞腿(B),135元,https://storage.googleapis.com/quickclick_products/library/5915/web-Zejkq66jW,,5
兩隻小魚咖哩甜不辣,甜不辣(小),70元,https://storage.googleapis.com/quickclick_products/library/5915/web-QA7OXaBxW,,5
兩隻小魚咖哩甜不辣,甜不辣(大),80元,https://storage.googleapis.com/quickclick_products/library/5915/web-pmyN3O4jn,,5
兩隻小魚咖哩甜不辣,甜不辣王子麵(小),90元,https://storage.googleapis.com/quickclick_products/library/5915/web-A8Pk09Lax,,5
兩隻小魚咖哩甜不辣,甜不辣烏龍麵(小),90元,https://storage.googleapis.com/quickclick_products/library/5915/web-WMnEkD0gY,,5
兩隻小魚咖哩甜不辣,咖哩冬粉(小),110元,https://storage.googleapis.com/quickclick_products/library/5915/web-A8Pk0EPjj,,5
兩隻小魚咖哩甜不辣,咖哩烏龍麵(小),110元,https://storage.googleapis.com/quickclick_products/library/5915/web-DRexyabA0,,5
兩隻小魚咖哩甜不辣,日式咖哩雞飯(小),110元,https://storage.googleapis.com/quickclick_products/library/5915/web-q0eG3Y5N0,,5
兩隻小魚咖哩甜不辣,咖哩王子麵(小),110元,https://storage.googleapis.com/quickclick_products/library/5915/web-91qJzm1GE,,5
給力盒子松菸,薄鹽嫩烤鯖魚,135元,https://storage.googleapis.com/quickclick_products/library/5915/web-157Ya7E8x,,5
給力盒子松菸,蒜泥低脂豬肉片,135元,https://storage.googleapis.com/quickclick_products/library/5915/web-dLe6k7EKd,,5
給力盒子松菸,椒鹽水煮雞胸,140元,https://storage.googleapis.com/quickclick_products/library/5915/web-Kp4Jg8kXK,,5
給力盒子松菸,墨西哥火烤雞胸,140元,https://storage.googleapis.com/quickclick_products/library/5915/web-gLBD44QZm,,5
給力盒子松菸,義式櫛瓜杏包菇(素),140元,https://storage.googleapis.com/quickclick_products/library/5915/web-xkxG6Gd8O,,5
給力盒子松菸,味噌烤豬里肌,140元,https://storage.googleapis.com/quickclick_products/library/5915/web-Rz6gmKPea,,5
給力盒子松菸,義式香草雞腿排,150元,https://storage.googleapis.com/quickclick_products/library/5915/web-mLG6eN0JL,,5
河河飲品,熟焙金萱(XL),40元,https://storage.googleapis.com/quickclick_products/library/5915/web-A8eNXYmgR,,5
河河飲品,炭焙紅茶(XL),40元,https://storage.googleapis.com/quickclick_products/library/5915/web-Br9GEP1gx,,5
河河飲品,輕焙金萱(XL),40元,https://storage.googleapis.com/quickclick_products/library/5915/web-A8eNX0NNx,,5
河河飲品,日光金萱(XL),40元,https://storage.googleapis.com/quickclick_products/library/5915/web-Lj3EPlzxl,,5
河河飲品,鮮檸檬金萱(XL),55元,https://storage.googleapis.com/quickclick_products/library/5915/web-Ze3z6ld6b,,5
河河飲品,鮮百香金萱(XL),60元,https://storage.googleapis.com/quickclick_products/library/5915/web-yAjJWXjP0,,5
河河飲品,原味茶那堤(L),60元,https://storage.googleapis.com/quickclick_products/library/5915/web-r0DZon5Q3,,5
河河飲品,厚厚炭焙紅(XL),65元,https://storage.googleapis.com/quickclick_products/library/5915/web-Kp3X0zX1g,,5
河河飲品,厚厚輕焙金萱(XL),65元,https://storage.googleapis.com/quickclick_products/library/5915/web-mL8OjdDx6,,5
河河飲品,鮮柳橙金萱(XL),70元,https://storage.googleapis.com/quickclick_products/library/5915/web-q0d6jalzP,,5
河河飲品,熟焙金萱茶鮮乳(L),70元,https://storage.googleapis.com/quickclick_products/library/5915/web-Pk3d91GjM,,5
河河飲品,高山小葉金萱(XL),70元,https://storage.googleapis.com/quickclick_products/library/5915/web-Brg0KE4G8,,5
河河飲品,原味茶鮮乳(L),70元,https://storage.googleapis.com/quickclick_products/library/5915/web-pmd7j0nB9,,5
河河飲品,濃可可茶那堤(L),70元,https://storage.googleapis.com/quickclick_products/library/5915/web-zpxD5BEKE,,5
河河飲品,黑糖厚厚炭焙紅(XL),70元,https://storage.googleapis.com/quickclick_products/library/5915/web-nLd1jz4ZN,,5
河河飲品,鮮葡萄柚金萱(XL),70元,https://storage.googleapis.com/quickclick_products/library/5915/web-gL19jq4Od,,5
河河飲品,黑糖厚厚輕焙金萱(XL),70元,https://storage.googleapis.com/quickclick_products/library/5915/web-Kp3X0E9r5,,5
河河飲品,厚厚奶蓋美式(L),100元,https://storage.googleapis.com/quickclick_products/library/5915/web-gLWgoqWkk,,5
河河飲品,冰西西里咖啡(L),100元,https://storage.googleapis.com/quickclick_products/library/5915/web-aLaAol55y,,5
貳虎永吉,虎翠茉香綠,40元,https://storage.googleapis.com/quickclick_products/library/5915/web-mLr791dR6,,5
貳虎永吉,輕莉瑪黛茶,45元,https://storage.googleapis.com/quickclick_products/library/5915/web-NqPYgrp8Y,,5
貳虎永吉,蕎麥黑茶,45元,https://storage.googleapis.com/quickclick_products/library/5915/web-01zNN6pzR,,5
貳虎永吉,虎標太妃紅茶,45元,https://storage.googleapis.com/quickclick_products/library/5915/web-r0rPl909L,,5
貳虎永吉,虎焙烏龍茶,45元,https://storage.googleapis.com/quickclick_products/library/5915/web-Rz9qqx5lW,,5
貳虎永吉,復刻楊桃培烏龍,55元,https://storage.googleapis.com/quickclick_products/library/5915/web-DR16XGNRj,,5
貳虎永吉,爆檸虎標紅,60元,https://storage.googleapis.com/quickclick_products/library/5915/web-yADnn7kZz,,5
貳虎永吉,虎翠茉香老派奶,60元,https://storage.googleapis.com/quickclick_products/library/5915/web-5yYPRRm5A,,5
貳虎永吉,虎標老派奶,60元,https://storage.googleapis.com/quickclick_products/library/5915/web-01zNNa4jr,,5
貳虎永吉,虎焙烏龍老派奶,60元,https://storage.googleapis.com/quickclick_products/library/5915/web-oareAAnlb,,5
貳虎永吉,爆檸廟口冬露,60元,https://storage.googleapis.com/quickclick_products/library/5915/web-6rxOOgb0J,,5
貳虎永吉,爆檸春橙綠,70元,https://storage.googleapis.com/quickclick_products/library/5915/web-PkyeeEzRb,,5
貳虎永吉,爆檸椿花金萱烏龍,70元,https://storage.googleapis.com/quickclick_products/library/5915/web-01zNNrj6n,,5
貳虎永吉,爆檸野梅飲,70元,https://storage.googleapis.com/quickclick_products/library/5915/web-NqPYYxJpE,,5
台北素食,七配菜搭配紫米飯蔬食餐盒,115元,https://storage.googleapis.com/quickclick_products/library/5915/web-aL3ZPJZOJ,,5
